{"cameraMode":{"drawMode":0,"name":"Shaded","section":"Shading Mode"},"sceneLighting":true,"audioPlay":false,"sceneViewState":{"m_AlwaysRefresh":false,"showFog":true,"showSkybox":true,"showFlares":true,"showImageEffects":true,"showParticleSystems":true,"showVisualEffectGraphs":true,"m_FxEnabled":true},"in2DMode":false,"pivot":{"x":1.689084529876709,"y":1.6561439037322999,"z":-2.3540000915527345},"rotation":{"x":0.0020755240693688394,"y":0.9919402599334717,"z":-0.12564998865127564,"w":0.0163679551333189},"size":12.34923267364502,"orthographic":true}