{"cameraMode":{"drawMode":0,"name":"Shaded","section":"Shading Mode"},"sceneLighting":true,"audioPlay":false,"sceneViewState":{"m_AlwaysRefresh":false,"showFog":true,"showSkybox":true,"showFlares":true,"showImageEffects":true,"showParticleSystems":true,"showVisualEffectGraphs":true,"m_FxEnabled":true},"in2DMode":false,"pivot":{"x":-4.011000156402588,"y":1.295699954032898,"z":-2.795660972595215},"rotation":{"x":0.0031990325078368189,"y":-0.9960682392120361,"z":0.04036058485507965,"w":0.07875899225473404},"size":0.6775555610656738,"orthographic":false}