{"cameraMode":{"drawMode":0,"name":"Shaded","section":"Shading Mode"},"sceneLighting":true,"audioPlay":false,"sceneViewState":{"m_AlwaysRefresh":false,"showFog":true,"showSkybox":true,"showFlares":true,"showImageEffects":true,"showParticleSystems":true,"showVisualEffectGraphs":true,"m_FxEnabled":true},"in2DMode":false,"pivot":{"x":6.515694618225098,"y":3.404557228088379,"z":-1.2093429565429688},"rotation":{"x":0.011964468285441399,"y":0.9745246171951294,"z":-0.05356115847826004,"w":0.21750472486019135},"size":7.586129188537598,"orthographic":false}