{"cameraMode":{"drawMode":0,"name":"Shaded","section":"Shading Mode"},"sceneLighting":true,"audioPlay":false,"sceneViewState":{"m_AlwaysRefresh":false,"showFog":true,"showSkybox":true,"showFlares":true,"showImageEffects":true,"showParticleSystems":true,"showVisualEffectGraphs":true,"m_FxEnabled":true},"in2DMode":false,"pivot":{"x":0.23541441559791566,"y":2.561720609664917,"z":-2.7079832553863527},"rotation":{"x":0.013921378180384636,"y":0.9860483407974243,"z":-0.1203969419002533,"w":0.11408519744873047},"size":10.420575141906739,"orthographic":false}