{"cameraMode":{"drawMode":0,"name":"Shaded","section":"Shading Mode"},"sceneLighting":true,"audioPlay":false,"sceneViewState":{"m_AlwaysRefresh":false,"showFog":true,"showSkybox":true,"showFlares":true,"showImageEffects":true,"showParticleSystems":true,"showVisualEffectGraphs":true,"m_FxEnabled":true},"in2DMode":false,"pivot":{"x":-0.03060173988342285,"y":1.5258643627166749,"z":-2.977795362472534},"rotation":{"x":0.020152542740106584,"y":0.9789637923240662,"z":-0.12102179229259491,"w":0.1630116105079651},"size":11.33461856842041,"orthographic":false}